<?xml version="1.0" encoding="UTF-8" standalone="yes"?>
<addon id="plugin.video.120sports" name="120 Sports" version="0.0.3" provider-name="MetalChris">
    <requires>
        <import addon="xbmc.python" version="2.1.0"/>
    <import addon="script.module.beautifulsoup4" version="4.3.2"/>
    <import addon="script.module.html5lib" version="0.999.0"/> 
    <import addon="script.module.requests" version="2.9.1"/> 
    <import addon="script.module.pytz" version="2014.2"/> 
    </requires>
    <extension point="xbmc.python.pluginsource"
               library="addon.py">
        <provides>video</provides>
    </extension>
    <extension point="xbmc.addon.metadata">
        <platform>all</platform>
        <license>GPL 2.0 or Later</license>
        <summary lang="en">Up-to-the-moment commentary on all trending sports topics.</summary>
        <description lang="en">120 Sports is the ultimate destination for up-to-the-moment commentary on all trending sports topics. The digital-only broadcast network offers 50 hours of live content, plus more than 1,200 on-demand video clips, each week.

120 Sports is a first-of-its-kind network partnership involving multiple leagues and media properties created for the digital generation and the devices it uses most.</description>
        <disclaimer lang="en"></disclaimer>
    </extension>
</addon>
