<?xml version="1.0" encoding="UTF-8" standalone="yes"?>
<addon id="plugin.video.lifechurch" name="Life.Church" version="0.0.4" provider-name="MetalChris">
  <requires>
    <import addon="xbmc.python" version="2.1.0"/>
    <import addon="script.module.beautifulsoup4" version="4.3.2"/>
    <import addon="script.module.simplejson" version="3.3.0"/>
  </requires>
  <extension point="xbmc.python.pluginsource" library="addon.py">
    <provides>video</provides>
  </extension>
  <extension point="xbmc.addon.metadata">
    <summary lang="en">Watch a Message, do Church Online Live, get Involved. Our mission is to lead people to become fully devoted followers of Christ.</summary>
    <description lang="en">Life.Church wants to make a lasting difference in your life, in our community, and in the world.

Watch a Message, do Church Online Live, get Involved. Our mission is to lead people to become fully devoted followers of Christ.</description>
    <disclaimer lang="en"></disclaimer>
    <language></language>
    <platform>all</platform>
    <license></license>
    <forum></forum>
    <website></website>
    <email></email>
    <source></source>
  </extension>
</addon>
