<?xml version="1.0" encoding="UTF-8" standalone="yes"?>
<addon id="plugin.audio.internetarchive" name="Internet Archive [Audio]" version="3.0.8" provider-name="MetalChris">
  <requires>
    <import addon="xbmc.python" version="2.1.0"/>
    <import addon="script.module.beautifulsoup4" version="4.2.0"/>
  </requires>
  <extension point="xbmc.python.pluginsource" library="addon.py">
    <provides>audio</provides>
  </extension>
  <extension point="xbmc.addon.metadata">
    <summary lang="en">Choose from thousands of recordings ranging from alternative news programming, to music, to Old Time Radio shows, to book and poetry readings.</summary>
    <description lang="en">Internet Archive is a non-profit digital library.  Choose from thousands of recordings ranging from alternative news programming, to Grateful Dead concerts, to Old Time Radio shows, to book and poetry readings, to original music uploaded by our users.</description>
    <disclaimer lang="en"></disclaimer>
    <language></language>
    <platform>all</platform>
    <license></license>
    <forum></forum>
    <website></website>
    <email></email>
    <source></source>
  </extension>
</addon>
