<?xml version="1.0" encoding="UTF-8" standalone="yes"?>
<addon id="plugin.video.cfl" name="CFL Video" version="2018.07.25" provider-name="MetalChris">
  <requires>
    <import addon="xbmc.python" version="2.20.0"/>
    <import addon="script.module.beautifulsoup4" version="4.3.2"/>
    <import addon="script.module.html5lib" version="0.999.0"/>
    <import addon="script.module.mechanize" version="0.2.6"/>
  </requires>
  <extension point="xbmc.python.pluginsource" library="addon.py">
    <provides>video</provides>
  </extension>
  <extension point="xbmc.addon.metadata">
    <summary lang="en">CFL Video</summary>
    <description lang="en">Watch video from CFL.ca | Official Site of the Canadian Football League</description>
    <disclaimer lang="en"></disclaimer>
    <language></language>
    <platform>all</platform>
    <license>GPL(v2 or later)</license>
    <forum></forum>
    <website>https://www.cfl.ca/videos</website>
    <email></email>
    <source></source>
  </extension>
</addon>
