<?xml version="1.0" encoding="UTF-8" standalone="yes"?>
<addon id="plugin.video.nec" name="NEC Front Row" version="0.0.3" provider-name="MetalChris">
  <requires>
    <import addon="xbmc.python" version="2.1.0"/>
  </requires>
  <extension point="xbmc.python.pluginsource" library="addon.py">
    <provides>video</provides>
  </extension>
  <extension point="xbmc.addon.metadata">
    <summary lang="en">NEC Front Row</summary>
    <description lang="en">Enjoy the best seat in the house with NEC Front Row presented by the Northeast Conference</description>
    <disclaimer lang="en"></disclaimer>
    <language></language>
    <platform>all</platform>
    <license></license>
    <forum></forum>
    <website></website>
    <email></email>
    <source></source>
  </extension>
</addon>
