<?xml version="1.0" encoding="UTF-8" standalone="yes"?>
<addon id="plugin.video.reruncentury" name="RerunCentury" version="0.0.2" provider-name="MetalChris">
    <requires>
        <import addon="xbmc.python" version="2.1.0"/>
	<import addon="script.module.beautifulsoup" version="3.2.1"/>
    </requires>
    <extension point="xbmc.python.pluginsource"
               library="addon.py">
        <provides>video</provides>
    </extension>
    <extension point="xbmc.addon.metadata">
        <platform>all</platform>
        <license>GPL 2.0</license>
        <summary lang="en">RerunCentury</summary>
        <description lang="en">Free Videos and 20th Century TV | Watch public domain episodes from nearly 200 classic TV shows. Links to legal videos.</description>
        <disclaimer lang="en"></disclaimer>
    </extension>
</addon>
