<?xml version="1.0" encoding="UTF-8" standalone="yes"?>
<addon id="plugin.video.nautilus" name="Nautilus Live" version="0.0.3" provider-name="MetalChris">
    <requires>
        <import addon="xbmc.python" version="2.1.0"/>
    <import addon="script.module.beautifulsoup4" version="4.3.2"/>
    <import addon="script.module.html5lib" version="0.999.0"/> 
    <import addon="script.module.requests" version="2.9.1"/> 
    <import addon="script.module.simplejson" version="3.3.0"/> 
    </requires>
    <extension point="xbmc.python.pluginsource"
               library="addon.py">
        <provides>video image</provides>
    </extension>
    <extension point="xbmc.addon.metadata">
        <platform>all</platform>
        <license>GPL 2.0 or Later</license>
        <summary lang="en">Nautilus</summary>
        <description lang="en">Explore the ocean LIVE with Dr. Robert Ballard and the Corps of Exploration aboard E/V Nautilus.</description>
        <disclaimer lang="en"></disclaimer>
    </extension>
</addon>
