<?xml version="1.0" encoding="UTF-8" standalone="yes"?>
<addon id="plugin.video.campus-insiders" name="Campus Insiders" version="0.0.7" provider-name="MetalChris">
    <requires>
        <import addon="xbmc.python" version="2.1.0"/>
    <import addon="script.module.beautifulsoup4" version="4.3.2"/>
    <import addon="script.module.html5lib" version="0.999.0"/>
    </requires>
    <extension point="xbmc.python.pluginsource"
               library="addon.py">
        <provides>video</provides>
    </extension>
    <extension point="xbmc.addon.metadata">
        <platform>all</platform>
        <license>GPL 2.0 or Later</license>
        <summary lang="en">College Sports.  All Day.  Every Day.</summary>
        <description lang="en">Your source for college sports news and information.</description>
        <disclaimer lang="en"></disclaimer>
    </extension>
</addon>
