<?xml version="1.0" encoding="UTF-8" standalone="yes"?>
<addon id="plugin.video.bigstar-movies" name="BigStar Movies &amp; TV" version="1.1.4" provider-name="MetalChris">
  <requires>
    <import addon="xbmc.python" version="2.1.0"/>
    <import addon="script.module.simplejson" version="3.3.0"/>
  </requires>
  <extension point="xbmc.python.pluginsource" library="addon.py">
    <provides>video</provides>
  </extension>
  <extension point="xbmc.addon.metadata">
    <summary lang="en">Stream movies instantly! Choose from thousands of independent, foreign and award-winning feature films and TV shows.</summary>
    <description lang="en">Stream movies instantly! Choose from thousands of independent, foreign and award-winning feature films and TV shows.</description>
    <disclaimer lang="en"></disclaimer>
    <language></language>
    <platform>all</platform>
    <license></license>
    <forum></forum>
    <website></website>
    <email></email>
    <source></source>
  </extension>
</addon>
