<?xml version="1.0" encoding="UTF-8" standalone="yes"?>
<addon id="plugin.video.carbon-tv" name="CarbonTV" version="0.0.2" provider-name="MetalChris">
  <requires>
    <import addon="xbmc.python" version="2.1.0"/>
    <import addon="script.module.beautifulsoup4" version="4.3.2"/>
    <import addon="script.module.html5lib" version="0.999.0"/>
  </requires>
  <extension point="xbmc.python.pluginsource" library="addon.py">
    <provides>video</provides>
  </extension>
  <extension point="xbmc.addon.metadata">
    <summary lang="en">CarbonTV</summary>
    <description lang="en">Watch video clips and full episodes from CarbonTV, the premier online video destination for premium outdoor themed shows and engaging personalities.</description>
    <disclaimer lang="en"></disclaimer>
    <language></language>
    <platform>all</platform>
    <license></license>
    <forum></forum>
    <website></website>
    <email></email>
    <source></source>
  </extension>
</addon>
