<?xml version="1.0" encoding="UTF-8" standalone="yes"?>
<addon id="plugin.video.docstorm" name="Documentary Storm" version="0.0.2" provider-name="MetalChris">
  <requires>
    <import addon="xbmc.python" version="2.1.0"/>
    <import addon="plugin.video.youtube" version="3.1.0" />
  </requires>
  <extension point="xbmc.python.pluginsource" library="addon.py">
    <provides>video</provides>
  </extension>
  <extension point="xbmc.addon.metadata">
    <summary lang="en">Documentary Storm</summary>
    <description lang="en">Watch the best free full-length documentary films on the web. History documentaries, Science, Culture, Music... Explore and Enjoy!</description>
    <disclaimer lang="en"></disclaimer>
    <language></language>
    <platform>all</platform>
    <license></license>
    <forum></forum>
    <website></website>
    <email></email>
    <source></source>
  </extension>
</addon>
