<?xml version="1.0" encoding="UTF-8" standalone="yes"?>
<addon id="plugin.video.quest" name="Quest TV" version="0.0.2" provider-name="MetalChris">
  <requires>
    <import addon="xbmc.python" version="2.1.0"/>
    <import addon="script.module.beautifulsoup4" version="4.3.2"/>
    <import addon="script.module.html5lib" version="0.999.0"/>
  </requires>
  <extension point="xbmc.python.pluginsource" library="addon.py">
    <provides>video</provides>
  </extension>
  <extension point="xbmc.addon.metadata">
    <summary lang="en">Welcome to the home of Quest! Watch full episodes and catch-up with your favourite shows</summary>
    <description lang="en">Welcome to the home of Quest! Watch full episodes and catch-up with your favourite shows On Demand, enjoy exclusive games, video clips and interviews. Watch episodes of Salvage Hunters, Wheeler Dealers, Combat Dealers, Super Truckers, Bear Grylls, and more!</description>
    <disclaimer lang="en"></disclaimer>
    <language></language>
    <platform>all</platform>
    <license></license>
    <forum></forum>
    <website></website>
    <email></email>
    <source></source>
  </extension>
</addon>
