<?xml version="1.0" encoding="UTF-8" standalone="yes"?>
<addon id="plugin.video.usatoday" name="USA Today" version="0.0.2" provider-name="MetalChris">
  <requires>
    <import addon="xbmc.python" version="2.1.0"/>
    <import addon="script.module.beautifulsoup4" version="4.3.2"/>
    <import addon="script.module.html5lib" version="0.999.0"/>
  </requires>
  <extension point="xbmc.python.pluginsource" library="addon.py">
    <provides>video</provides>
  </extension>
  <extension point="xbmc.addon.metadata">
    <summary lang="en">Breaking News, Sports, Money, Life, Weather, Technology and Travel News — all updated 24 hours a day, seven days a week.</summary>
    <description lang="en">USATODAY.com is an award-winning news and information site providing visitors with breaking news, sports, money, life, weather, technology and travel news — all updated 24 hours a day, seven days a week.</description>
    <disclaimer lang="en"></disclaimer>
    <language>English</language>
    <platform>all</platform>
    <license>GPL 2.0</license>
    <forum></forum>
    <website></website>
    <email></email>
    <source></source>
  </extension>
</addon>
