<?xml version="1.0" encoding="UTF-8" standalone="yes"?>
<addon id="plugin.audio.internet-radio" name="Internet Radio" version="0.0.1" provider-name="MetalChris">
  <requires>
    <import addon="xbmc.python" version="2.1.0"/>
    <import addon="script.module.beautifulsoup4" version="4.3.2"/>
    <import addon="script.module.requests" version="2.9.1"/>
    <import addon="script.module.html5lib" version="0.999.0"/>  
  </requires>
  <extension point="xbmc.python.pluginsource" library="addon.py">
    <provides>audio</provides>
  </extension>
  <extension point="xbmc.addon.metadata">
    <summary lang="en">Internet Radio</summary>
    <description lang="en">Internet Radio: Free Music from Thousands of Stations - Listen to free music from thousands of internet radio stations streaming live right now. Search or browse all your favourite music genres.</description>
    <disclaimer lang="en"></disclaimer>
    <language></language>
    <platform>all</platform>
    <license></license>
    <forum></forum>
    <website></website>
    <email></email>
    <source></source>
  </extension>
</addon>
