<?xml version="1.0" encoding="UTF-8" standalone="yes"?>
<addon id="plugin.video.carbon-tv" name="CarbonTV" version="0.0.5" provider-name="MetalChris">
  <requires>
    <import addon="xbmc.python" version="2.1.0"/>
    <import addon="script.module.beautifulsoup4" version="4.3.2"/>
    <import addon="script.module.html5lib" version="0.999.0"/>
  </requires>
  <extension point="xbmc.python.pluginsource" library="addon.py">
    <provides>video</provides>
  </extension>
  <extension point="xbmc.addon.metadata">
    <summary lang="en">CarbonTV</summary>
    <description lang="en">Watch video clips and full episodes from CarbonTV, the premier online video destination for premium outdoor themed shows and engaging personalities.</description>
    <disclaimer lang="en">For support go to my github. No support without a full, unedited debug log.  No support at TVAddons or any other forum.</disclaimer>
    <language></language>
    <platform>all</platform>
    <license>GPL(v2) or Later</license>
    <forum></forum>
    <website>http://www.carbontv.com</website>
    <email></email>
    <source>https://raw.githubusercontent.com/MetalChris/repository.metalchris/master/plugin.video.carbon-tv/addon.py</source>
  </extension>
</addon>
