<?xml version="1.0" encoding="UTF-8" standalone="yes"?>
<addon id="plugin.video.sciencecasts" name="NASA ScienceCasts" version="0.0.2" provider-name="MetalChris">
  <requires>
    <import addon="xbmc.python" version="2.1.0"/>
    <import addon="script.module.beautifulsoup4" version="4.3.2"/>
    <import addon="script.module.html5lib" version="0.999.0"/>   
  </requires>
  <extension point="xbmc.python.pluginsource" library="addon.py">
    <provides>video</provides>
  </extension>
  <extension point="xbmc.addon.metadata">
    <summary lang="en">NASA ScienceCasts</summary>
    <description lang="en">NASA Science news is too exciting for plain text. Educational "ScienceCast" videos are fun, lively, entertaining--and anything but plain. Join us for a new episode every week as we look into the science behind discoveries on Earth, the Solar System, and beyond...</description>
    <disclaimer lang="en"></disclaimer>
    <language></language>
    <platform>all</platform>
    <license></license>
    <forum></forum>
    <website></website>
    <email></email>
    <source></source>
  </extension>
</addon>
