<?xml version="1.0" encoding="UTF-8" standalone="yes"?>
<addon id="plugin.video.cw" name="CW TV Network" version="0.0.1" provider-name="MetalChris">
  <requires>
    <import addon="xbmc.python" version="2.1.0"/>
    <import addon="script.module.beautifulsoup4" version="4.3.2"/>
    <import addon="script.module.requests" version="2.9.1"/>
    <import addon="script.module.html5lib" version="0.999.0"/>
    <import addon="script.module.simplejson" version="3.3.0"/>
  </requires>
  <extension point="xbmc.python.pluginsource" library="addon.py">
    <provides>video</provides>
  </extension>
  <extension point="xbmc.addon.metadata">
    <summary lang="en">Watch full episodes and video clips from the CW and the CW Seed</summary>
    <description lang="en">The CW Television Network is an American English language broadcast television network that is operated by The CW Network, LLC, a joint venture between CBS Corporation and Warner Bros. Entertainment. The "CW" name is an acronym derived from the first letters of the names of its two parent corporations (CBS and Warner Bros.).</description>
    <disclaimer lang="en"></disclaimer>
    <language></language>
    <platform>all</platform>
    <license>GPL(v2 or later)</license>
    <forum></forum>
    <website></website>
    <email></email>
    <source></source>
  </extension>
</addon>
