﻿<?xml version="1.0" encoding="UTF-8" standalone="yes"?>
<addon id="plugin.image.photo" name="Photo.net Galleries" version="0.0.1" provider-name="MetalChris">
    <requires>
        <import addon="xbmc.python" version="2.1.0"/>
    </requires>
    <extension point="xbmc.python.pluginsource" library="addon.py">
        <provides>image</provides>
    </extension>
    <extension point="xbmc.addon.metadata">
        <platform>all</platform>
        <disclaimer></disclaimer>
        <summary lang="en">Photo.net Galleries</summary>
        <description lang="en">Photo.net is an online community with hundreds of thousands of active members and many more casual viewers visiting daily. We started in 1993 and strive to be the best peer-to-peer educational system for people who wish to become better photographers. </description>
        <license>GPL (v2) or Later</license>
        <language/>
        <website></website>
        <email></email>
    </extension>
</addon>
