<?xml version="1.0" encoding="UTF-8" standalone="yes"?>
<addon id="weather.unlocked" name="Weather Unlocked" version="0.0.5" provider-name="MetalChris">
	<requires>
		<import addon="xbmc.python" version="2.1.0"/>
		<import addon="script.module.simplejson" version="3.3.0"/>
	</requires>
	<extension point="xbmc.python.weather" library="addon.py"/>
	<extension point="xbmc.addon.metadata">
		<summary lang="en">Weather Unlocked</summary>
		<description lang="en">Weather forecast provided by Weather Unlocked</description>
		<disclaimer lang="en"></disclaimer>
		<language></language>
		<platform>all</platform>
		<forum></forum>
		<source></source>
	</extension>
</addon>
