{
	"12:00 AM": { "Monday":"Total Outdoor Pursuit", "Tuesday":"Rotorazor", "Wednesday":"Xtreme Christian Outdoor", "Thursday":"Boundless Hunting", "Friday":"Larysa Unleashed", "Saturday":"Double Lung Outdoors", "Sunday":"Swift-Waters"},
	"12:30 AM": { "Monday":"WingShooting USA", "Tuesday":"Gone Fishing Pro TV", "Wednesday":"The Whitetail Obsession", "Thursday":"Outdoor Junkies", "Friday":"SOA", "Saturday":"Keepin' It In The Ozarks", "Sunday":"Rotorazor"},
	"1:00 AM": { "Monday":"Bonanza", "Tuesday":"Bonanza", "Wednesday":"Bonanza", "Thursday":"Bonanza", "Friday":"Bonanza", "Saturday":"Bonanza", "Sunday":"Bonanza"},
	"1:30 AM": { "Monday":"Bonanza", "Tuesday":"Bonanza", "Wednesday":"Bonanza", "Thursday":"Bonanza", "Friday":"Bonanza", "Saturday":"Bonanza", "Sunday":"Bonanza"},
	"2:00 AM": { "Monday":"Lone Ranger", "Tuesday":"Lone Ranger", "Wednesday":"Lone Ranger", "Thursday":"Lone Ranger", "Friday":"Lone Ranger", "Saturday":"Lone Ranger", "Sunday":"Lone Ranger"},
	"2:30 AM": { "Monday":"Sgt. Preston", "Tuesday":"Sgt. Preston", "Wednesday":"Sgt. Preston", "Thursday":"Sgt. Preston", "Friday":"Sgt. Preston", "Saturday":"Sgt. Preston", "Sunday":"Sgt. Preston"},
	"3:00 AM": { "Monday":"Roy Rogers", "Tuesday":"Roy Rogers", "Wednesday":"Roy Rogers", "Thursday":"Roy Rogers", "Friday":"Roy Rogers", "Saturday":"Roy Rogers", "Sunday":"Roy Rogers"},
	"3:30 AM": { "Monday":"Bat Masterson", "Tuesday":"Bat Masterson", "Wednesday":"Bat Masterson", "Thursday":"Bat Masterson", "Friday":"Bat Masterson", "Saturday":"Bat Masterson", "Sunday":"Bat Masterson"},
	"4:00 AM": { "Monday":"Rifleman", "Tuesday":"Rifleman", "Wednesday":"Rifleman", "Thursday":"Rifleman", "Friday":"Rifleman", "Saturday":"Rifleman", "Sunday":"Rifleman"},
	"4:30 AM": { "Monday":"Death Valley", "Tuesday":"Death Valley", "Wednesday":"Death Valley", "Thursday":"Death Valley", "Friday":"Death Valley", "Saturday":"Death Valley", "Sunday":"Death Valley"},
	"5:00 AM": { "Monday":"Bonanza", "Tuesday":"Bonanza", "Wednesday":"Bonanza", "Thursday":"Bonanza", "Friday":"Bonanza", "Saturday":"Bonanza", "Sunday":"Bonanza"},
	"5:30 AM": { "Monday":"Bonanza", "Tuesday":"Bonanza", "Wednesday":"Bonanza", "Thursday":"Bonanza", "Friday":"Bonanza", "Saturday":"Bonanza", "Sunday":"Bonanza"},
	"6:00 AM": { "Monday":"Lone Ranger", "Tuesday":"Lone Ranger", "Wednesday":"Lone Ranger", "Thursday":"Lone Ranger", "Friday":"Lone Ranger", "Saturday":"Lone Ranger", "Sunday":"Lone Ranger"},
	"6:30 AM": { "Monday":"Sgt. Preston", "Tuesday":"Sgt. Preston", "Wednesday":"Sgt. Preston", "Thursday":"Sgt. Preston", "Friday":"Sgt. Preston", "Saturday":"Sgt. Preston", "Sunday":"Sgt. Preston"},
	"7:00 AM": { "Monday":"Roy Rogers", "Tuesday":"Roy Rogers", "Wednesday":"Roy Rogers", "Thursday":"Roy Rogers", "Friday":"Roy Rogers", "Saturday":"Runnin' N Gunnin'", "Sunday":"Xtreme Christian Outdoor"},
	"7:30 AM": { "Monday":"Bat Masterson", "Tuesday":"Bat Masterson", "Wednesday":"Bat Masterson", "Thursday":"Bat Masterson", "Friday":"Bat Masterson", "Saturday":"Blue Collar Bowhunter", "Sunday":"Southern Hog Slayers"},
	"8:00 AM": { "Monday":"Lassie", "Tuesday":"Lassie", "Wednesday":"Lassie", "Thursday":"Lassie", "Friday":"Lassie", "Saturday":"Mass Pursuit TV", "Sunday":"Pass'n It On Outdoors"},
	"8:30 AM": { "Monday":"Lassie", "Tuesday":"Lassie", "Wednesday":"Lassie", "Thursday":"Lassie", "Friday":"Lassie", "Saturday":"Deer Hunter Fan", "Sunday":"Real South Hunting"},
	"9:00 AM": { "Monday":"Rotorazor", "Tuesday":"Xtreme Christian Outdoor", "Wednesday":"Swift-Waters", "Thursday":"Vertical Descent Outdoors", "Friday":"Total Outdoor Pursuit", "Saturday":"Doggin' Predators TV", "Sunday":"Doggin' Predators TV"},
	"9:30 AM": { "Monday":"Gone Fishing Pro TV", "Tuesday":"The Whitetail Obsession", "Wednesday":"Rotorazor", "Thursday":"Working Class Hunter", "Friday":"WingShooting USA", "Saturday":"Hunt Wicked Close", "Sunday":"Hunt Wicked Close"},
	"10:00 AM": { "Monday":"Mojo Outdoors", "Tuesday":"Dirt Road Outdoors", "Wednesday":"Appalachian Trophy TV", "Thursday":"Mojo Outdoors", "Friday":"Dirt Road Outdoors/Deer Hunter Fan", "Saturday":"Outdoor Junkies", "Sunday":"Outdoor Junkies"},
	"10:30 AM": { "Monday":"Backcountry Assassins TV", "Tuesday":"Changing Seezyns", "Wednesday":"Angling Virginia", "Thursday":"Backcountry Assassins TV", "Friday":"Changing Seezyns", "Saturday":"Double Lung Outdoors", "Sunday":"Double Lung Outdoors"},
	"11:00 AM": { "Monday":"Fatal Intentions Outdoors", "Tuesday":"Hog Dawgs", "Wednesday":"Whitetail Journey", "Thursday":"Fatal Intentions Outdoors", "Friday":"Hog Dawgs", "Saturday":"Crazy On Outdoors", "Sunday":"Crazy On Outdoors"},
	"11:30 AM": { "Monday":"So You Think You Can Hunt", "Tuesday":"Pass'n It On Outdoors", "Wednesday":"In the Blood", "Thursday":"So You Think You Can Hunt", "Friday":"Pass'n It On Outdoors", "Saturday":"Swift-Waters", "Sunday":"Swift-Waters"},
	"12:00 PM": { "Monday":"Crazy On Outdoors", "Tuesday":"Hunt Wicked Close", "Wednesday":"Double Lung Outdoors", "Thursday":"Crazy On Outdoors", "Friday":"Hunt Wicked Close", "Saturday":"Boundless Hunting", "Sunday":"Boundless Hunting"},
	"12:30 PM": { "Monday":"Hunt Wicked Close", "Tuesday":"Keepin' It In The Ozarks", "Wednesday":"Keepin' It In The Ozarks", "Thursday":"Hunt Wicked Close", "Friday":"Keepin' It In The Ozarks", "Saturday":"Team Fitzgerald - Keepin' It Real", "Sunday":"Team Fitzgerald - Keepin' It Real"},
	"1:00 PM": { "Monday":"ITLD: Kidnapped", "Tuesday":"ITLD: Kidnapped", "Wednesday":"ITLD: Kidnapped", "Thursday":"ITLD: Kidnapped", "Friday":"ITLD: Kidnapped", "Saturday":"ITLD: Kidnapped", "Sunday":"ITLD: Kidnapped"},
	"1:30 PM": {"Monday":"","Tuesday":"","Wednesday":"","Thursday":"","Friday":"","Saturday":"","Sunday":""},
	"2:00 PM": {"Monday":"","Tuesday":"","Wednesday":"","Thursday":"","Friday":"","Saturday":"","Sunday":""},
	"2:30 PM": { "Monday":"Full Draw Adrenaline", "Tuesday":"Runnin' N Gunnin'", "Wednesday":"Xtreme Christian Outdoor", "Thursday":"Vertical Descent Outdoors", "Friday":"Southern Drawl Outdoors", "Saturday":"Bonanza", "Sunday":"Roy Rogers"},
	"3:00 PM": { "Monday":"The Blitz", "Tuesday":"Blue Collar Bowhunter", "Wednesday":"Southern Hog Slayers", "Thursday":"The Break TV", "Friday":"Trapping Time", "Saturday":"Bonanza", "Sunday":"Bat Masterson"},
	"3:30 PM": { "Monday":"Larysa Unleashed", "Tuesday":"Mass Pursuit TV", "Wednesday":"Pass'n It On Outdoors", "Thursday":"Jimmy Houston Outdoors", "Friday":"ASOB", "Saturday":"Lone Ranger", "Sunday":"Lassie"},
	"4:00 PM": { "Monday":"SOA", "Tuesday":"Deer Hunter Fan", "Wednesday":"Real South Hunting", "Thursday":"Rotorazor", "Friday":"Rotorazor", "Saturday":"Sgt. Preston", "Sunday":"Lassie"},
	"4:30 PM": { "Monday":"ITLD: Kidnapped", "Tuesday":"ITLD: Kidnapped", "Wednesday":"ITLD: Kidnapped", "Thursday":"ITLD: Kidnapped", "Friday":"ITLD: Kidnapped", "Saturday":"ITLD: Kidnapped", "Sunday":"ITLD: Kidnapped"},
	"5:00 PM": {"Monday":"","Tuesday":"","Wednesday":"","Thursday":"","Friday":"","Saturday":"","Sunday":""},
	"5:30 PM": {"Monday":"","Tuesday":"","Wednesday":"","Thursday":"","Friday":"","Saturday":"","Sunday":""},	
	"6:00 PM": { "Monday":"Runnin' N Gunnin'", "Tuesday":"Xtreme Christian Outdoor", "Wednesday":"Rotorazor", "Thursday":"Swift-Waters", "Friday":"Xtreme Christian Outdoor", "Saturday":"Total Outdoor Pursuit", "Sunday":"Full Draw Adrenaline"},
	"6:30 PM": { "Monday":"Blue Collar Bowhunter", "Tuesday":"Southern Hog Slayers", "Wednesday":"Gone Fishing Pro TV", "Thursday":"Rotorazor", "Friday":"The Whitetail Obsession", "Saturday":"WingShooting USA", "Sunday":"The Blitz"},
	"7:00 PM": { "Monday":"Mass Pursuit TV", "Tuesday":"Pass'n It On Outdoors", "Wednesday":"Doggin' Predators TV", "Thursday":"Vertical Descent Outdoors", "Friday":"Appalachian Trophy TV", "Saturday":"Lassie", "Sunday":"Larysa Unleashed"},
	"7:30 PM": { "Monday":"Deer Hunter Fan", "Tuesday":"Real South Hunting", "Wednesday":"Hunt Wicked Close", "Thursday":"Working Class Hunter", "Friday":"Angling Virginia", "Saturday":"Lassie", "Sunday":"SOA"},
	"8:00 PM": { "Monday":"Vertical Descent Outdoors", "Tuesday":"Southern Drawl Outdoors", "Wednesday":"Outdoor Junkies", "Thursday":"Dirt Road Outdoors/Deer Hunter Fan", "Friday":"Whitetail Journey", "Saturday":"Appalachian Trophy TV", "Sunday":"Mojo Outdoors"},
	"8:30 PM": { "Monday":"The Break TV", "Tuesday":"Trapping Time", "Wednesday":"Double Lung Outdoors", "Thursday":"Changing Seezyns", "Friday":"In the Blood", "Saturday":"Doggin' Predators TV", "Sunday":"Backcountry Assassins TV"},
	"9:00 PM": { "Monday":"Jimmy Houston Outdoors", "Tuesday":"ASOB", "Wednesday":"Crazy On Outdoors", "Thursday":"Hog Dawgs", "Friday":"Double Lung Outdoors", "Saturday":"Boundless Hunting", "Sunday":"Fatal Intentions Outdoors"},
	"9:30 PM": { "Monday":"Rotorazor", "Tuesday":"Rotorazor", "Wednesday":"Swift-Waters", "Thursday":"Pass'n It On Outdoors", "Friday":"Keepin' It In The Ozarks", "Saturday":"Outdoor Junkies", "Sunday":"So You Think You Can Hunt"},
	"10:00 PM": { "Monday":"Vertical Descent Outdoors", "Tuesday":"Southern Drawl Outdoors", "Wednesday":"Boundless Hunting", "Thursday":"Hunt Wicked Close", "Friday":"Appalachian Trophy TV", "Saturday":"Appalachian Trophy TV", "Sunday":"Crazy On Outdoors"},
	"10:30 PM": { "Monday":"The Break TV", "Tuesday":"Trapping Time", "Wednesday":"Team Fitzgerald - Keepin' It Real", "Thursday":"Keepin' It In The Ozarks", "Friday":"Angling Virginia", "Saturday":"Doggin' Predators TV", "Sunday":"Hunt Wicked Close"},
	"11:00 PM": { "Monday":"Jimmy Houston Outdoors", "Tuesday":"ASOB", "Wednesday":"Appalachian Trophy TV", "Thursday":"Full Draw Adrenaline", "Friday":"Whitetail Journey", "Saturday":"Boundless Hunting", "Sunday":"Vertical Descent Outdoors"},
	"11:30 PM": { "Monday":"Rotorazor", "Tuesday":"Rotorazor", "Wednesday":"Doggin' Predators TV", "Thursday":"The Blitz", "Friday":"In the Blood", "Saturday":"Outdoor Junkies", "Sunday":"Working Class Hunter"}
}
