<?xml version="1.0" encoding="UTF-8" standalone="yes"?>
<addon id="plugin.video.msl" name="Mars Science Laboratory" version="0.0.6" provider-name="MetalChris">
  <requires>
    <import addon="xbmc.python" version="2.1.0"/>
    <import addon="script.module.beautifulsoup4" version="4.3.2"/>
    <import addon="script.module.html5lib" version="0.999.0"/>
  </requires>
  <extension point="xbmc.python.pluginsource" library="addon.py">
    <provides>video image</provides>
  </extension>
  <extension point="xbmc.addon.metadata">
    <summary lang="en">Exploration of the Planet Mars - missions, videos, images and information</summary>
    <description lang="en">Browse through videos and images from the Mars Science Laboratory - Mars Rover, Curiosity - Plus videos from Opportunity and Spirit, and Mars Orbiters  MAVEN, MRO, and Odyssey.</description>
    <disclaimer lang="en"></disclaimer>
    <language></language>
    <platform>all</platform>
    <license></license>
    <forum></forum>
    <website></website>
    <email></email>
    <source></source>
    <broken>Unable to scrape the site properly.</broken>
  </extension>
</addon>
