<?xml version="1.0" encoding="UTF-8" standalone="yes"?>
<addon id="plugin.video.asn"
       name="American Sports Network" version="0.0.4" provider-name="MetalChris">
    <requires>
        <import addon="xbmc.python" version="2.1.0"/>
    <import addon="script.module.beautifulsoup4" version="4.3.2"/>
    <import addon="script.module.html5lib" version="0.999.0"/> 
    <import addon="script.module.requests" version="2.9.1"/> 
    </requires>
    <extension point="xbmc.python.pluginsource"
               library="addon.py">
        <provides>video</provides>
    </extension>
    <extension point="xbmc.addon.metadata">
        <platform>all</platform>
        <license>GPL 2.0 or Later</license>
        <summary lang="en">American Sports Network</summary>
        <description lang="en">Watch videos and live events from the American Sports Network.</description>
        <disclaimer lang="en"></disclaimer>
    </extension>
</addon>
