<?xml version="1.0" encoding="UTF-8" standalone="yes"?>
<addon id="plugin.video.bnwmovies" name="Black and White Movies" version="0.0.1" provider-name="MetalChris">
  <requires>
    <import addon="xbmc.python" version="2.1.0"/>
    <import addon="script.module.beautifulsoup4" version="4.3.2"/>
  </requires>
  <extension point="xbmc.python.pluginsource" library="addon.py">
    <provides>video</provides>
  </extension>
  <extension point="xbmc.addon.metadata">
    <summary lang="en">Watch and download your favorite old movies for free online.</summary>
    <description lang="en">Watch and download your favorite old movies for free online. Streaming full classic movies, no registration, legally. Download today's best black and white films.</description>
    <disclaimer lang="en"></disclaimer>
    <language></language>
    <platform>all</platform>
    <license>GPL(v2) or Later</license>
    <forum></forum>
    <website></website>
    <email></email>
    <source></source>
  </extension>
</addon>
