<?xml version="1.0" encoding="UTF-8" standalone="yes"?>
<addon id="plugin.video.fox" name="FOX" version="0.0.6" provider-name="MetalChris">
  <requires>
    <import addon="xbmc.python" version="2.1.0"/>
    <import addon="script.module.beautifulsoup4" version="4.3.2"/>
    <import addon="script.module.simplejson" version="3.3.0"/>
  </requires>
  <extension point="xbmc.python.pluginsource" library="addon.py">
    <provides>video</provides>
  </extension>
  <extension point="xbmc.addon.metadata">
    <summary lang="en">Watch FREE full episodes of your favorite FOX shows.</summary>
    <description lang="en">The Fox Broadcasting Company is an American English language commercial broadcast television network owned by Fox Entertainment Group, a subsidiary of 21st Century Fox.</description>
    <disclaimer lang="en"></disclaimer>
    <language></language>
    <platform>all</platform>
    <license></license>
    <forum></forum>
    <website></website>
    <email></email>
    <source></source>
  </extension>
</addon>
