<?xml version="1.0" encoding="UTF-8" standalone="yes"?>
<addon id="plugin.video.reuters" name="Reuters TV" version="0.0.3" provider-name="MetalChris">
    <requires>
        <import addon="xbmc.python" version="2.1.0"/>
    <import addon="script.module.beautifulsoup4" version="4.3.2"/>
    <import addon="script.module.html5lib" version="0.999.0"/>
    <import addon="script.module.mechanize" version="0.2.6"/>
    <import addon="script.module.simplejson" version="3.3.0"/>
    <import addon="script.module.requests" version="2.9.1"/>
    </requires>
    <extension point="xbmc.python.pluginsource"
               library="addon.py">
        <provides>video</provides>
    </extension>
    <extension point="xbmc.addon.metadata">
        <platform>all</platform>
        <license>GPL 2.0 or Later</license>
        <summary lang="en">Reuters TV: Live Breaking News, US, World, Business, Finance</summary>
        <description lang="en">Keep up with the world’s events live and straight from the source with Reuters TV feeds from all over the world. From the International Space Station to St. Peter’s in Rome, we’re there.</description>
        <disclaimer lang="en">For support go to my github. No support without a full, unedited debug log.  No support at TVAddons or any other forum.</disclaimer>
    </extension>
</addon>
