<?xml version="1.0" encoding="UTF-8" standalone="yes"?>
<addon id="plugin.video.moviezoot" name="MovieZoot" version="0.0.1" provider-name="MetalChris">
  <requires>
    <import addon="xbmc.python" version="2.1.0"/>
    <import addon="script.module.beautifulsoup" version="4.2.0"/>
    <import addon="script.module.simplejson" version="3.1.0"/>
  </requires>
  <extension point="xbmc.python.pluginsource" library="addon.py">
    <provides>video</provides>
  </extension>
  <extension point="xbmc.addon.metadata">
    <summary lang="en">MovieZoot</summary>
    <description lang="en">Looking for free movies online? Watch free streaming movies online with MovieZoot featuring your favorite westerns, adventure, and comedy.</description>
    <disclaimer lang="en"></disclaimer>
    <language></language>
    <platform>all</platform>
    <license></license>
    <forum></forum>
    <website></website>
    <email></email>
    <source></source>
  </extension>
  <extension point="xbmc.addon.repository" name="MetalChris's Add-on Repository">
      <info>http://www.the-antinet.com/addons/addons.xml</info>
      <checksum>http://www.the-antinet.com/addons/addons.xml.md5</checksum>
      <datadir zip="true">http://www.the-antinet.com/addons/</datadir>
  </extension>
</addon>
