<?xml version="1.0" encoding="UTF-8" standalone="yes"?>
<addon id="plugin.video.rtsinfo" name="RTS - Info" version="0.1.1" provider-name="MetalChris">
  <requires>
    <import addon="xbmc.python" version="2.1.0"/>
    <import addon="script.module.beautifulsoup4" version="4.3.2"/>
    <import addon="script.module.requests" version="2.9.1"/>
    <import addon="script.module.html5lib" version="0.999.0"/>  
    <import addon="script.module.simplejson" version="3.3.0"/>  
  </requires>
  <extension point="xbmc.python.pluginsource" library="addon.py">
    <provides>video</provides>
  </extension>
  <extension point="xbmc.addon.metadata">
    <summary lang="en">RTS - Info</summary>
    <description lang="en">Watch live news and videos from RTS Info.</description>
    <description lang="fr">Regarder les nouvelles en direct et des vidéos de RTS Info.</description>
    <disclaimer lang="en"></disclaimer>
    <language></language>
    <platform>all</platform>
    <license>GPL(v2 or later)</license>
    <forum></forum>
    <website></website>
    <email></email>
    <source></source>
  </extension>
</addon>
