<?xml version="1.0" encoding="UTF-8" standalone="yes"?>
<addon id="plugin.video.animalist" name="Animalist" version="3.0.3" provider-name="MetalChris">
  <requires>
    <import addon="xbmc.python" version="2.1.0"/>
    <import addon="script.module.beautifulsoup4" version="4.3.2"/>
    <import addon="script.module.requests" version="2.9.1"/>
  </requires>
  <extension point="xbmc.python.pluginsource" library="addon.py">
    <provides>video</provides>
  </extension>
  <extension point="xbmc.addon.metadata">
    <summary lang="en">Animalist</summary>
    <description lang="en">Animalist, a Discovery Digital Network, is all about animals…from cats to dinosaurs! Animalist is your destination for all things animal on the web. From the exotic to the domestic, from the cute to the weird, we cover the whole animal kingdom.</description>
    <disclaimer lang="en"></disclaimer>
    <language></language>
    <platform>all</platform>
    <license></license>
    <forum></forum>
    <website></website>
    <email></email>
    <source></source>
  </extension>
</addon>
