<?xml version="1.0" encoding="UTF-8" standalone="yes"?>
<addon id="plugin.video.classic-tv" name="Free Classic TV Shows" version="0.0.1" provider-name="MetalChris">
  <requires>
    <import addon="xbmc.python" version="2.1.0"/>
  </requires>
  <extension point="xbmc.python.pluginsource" library="addon.py">
    <provides>video</provides>
  </extension>
  <extension point="xbmc.addon.metadata">
    <summary lang="en">Free Classic TV Shows</summary>
    <description lang="en">Public Domain Television Shows to Watch, Enjoy and Download.</description>
    <disclaimer lang="en"></disclaimer>
    <language></language>
    <platform>all</platform>
    <license></license>
    <forum></forum>
    <website></website>
    <email></email>
    <source></source>
  </extension>
  <extension point="xbmc.addon.repository" name="MetalChris's Add-on Repository">
      <info>http://www.the-antinet.com/addons/addons.xml</info>
      <checksum>http://www.the-antinet.com/addons/addons.xml.md5</checksum>
      <datadir zip="true">http://www.the-antinet.com/addons/</datadir>
  </extension>
</addon>
