<?xml version="1.0" encoding="UTF-8" standalone="yes"?>
<addon id="plugin.audio.buddha" name="Buddha Radio" version="1.0.2" provider-name="MetalChris">
  <requires>
    <import addon="xbmc.python" version="2.1.0"/>  
  </requires>
  <extension point="xbmc.python.pluginsource" library="addon.py">
    <provides>audio</provides>
  </extension>
  <extension point="xbmc.addon.metadata">
    <summary lang="en">Buddha Radio</summary>
    <description lang="en">Buddha Radio has a very simple philosophy - to bring you the very best music that makes you feel good and feeds your soul. Buddha aims to add a touch of calm, positivity and optimism to our busy lives.</description>
    <disclaimer lang="en"></disclaimer>
    <language></language>
    <platform>all</platform>
    <license></license>
    <forum></forum>
    <website></website>
    <email></email>
    <source></source>
  </extension>
</addon>
