<?xml version="1.0" encoding="UTF-8" standalone="yes"?>
<addon id="plugin.video.cbc-sports" name="CBC Sports" version="0.0.2" provider-name="MetalChris">
    <requires>
        <import addon="xbmc.python" version="2.1.0"/>
    <import addon="script.module.beautifulsoup4" version="4.3.2"/>
    <import addon="script.module.html5lib" version="0.999.0"/> 
    <import addon="script.module.requests" version="2.9.1"/> 
    </requires>
    <extension point="xbmc.python.pluginsource"
               library="addon.py">
        <provides>video</provides>
    </extension>
    <extension point="xbmc.addon.metadata">
        <platform>all</platform>
        <license>GPL 2.0 or Later</license>
        <summary lang="en">Live Events, Replays, and Highlights from CBC Sports</summary>
        <description lang="en">Get the latest headlines, opinion, and video from CBC Sports.  Watch live events, replays, and highlights.  Region blocked for Canada only.</description>
        <disclaimer lang="en"></disclaimer>
    </extension>
</addon>
