<?xml version="1.0" encoding="UTF-8" standalone="yes"?>
<addon id="plugin.video.smithsonian-earth" name="Smithsonian Earth" version="2018.10.27" provider-name="MetalChris">
  <requires>
    <import addon="xbmc.python" version="2.1.0"/>
    <import addon="script.module.beautifulsoup4" version="4.3.2"/>
    <import addon="script.module.mechanize" version="0.2.6"/>
    <import addon="script.module.html5lib" version="0.999.0"/>
  </requires>
  <extension point="xbmc.python.pluginsource" library="addon.py">
    <provides>video</provides>
  </extension>
  <extension point="xbmc.addon.metadata">
    <summary lang="en">Stream the most captivating nature and wildlife documentaries and videos shot in stunning Ultra HD (4K) on Smithsonian Earth.</summary>
    <description lang="en">Smithsonian Earth is a commercial-free streaming site that offers unlimited access to nature and wildlife documentaries and videos shot in stunning 4K UHD resolution. Refreshed weekly, you'll never run out of things to discover.  Subscription costs $3.99 per month with a 30 day free trial.</description>
    <disclaimer lang="en">For support go to my github. No support without a full, unedited debug log.  No support at TVAddons or any other forum.</disclaimer>
    <language></language>
    <platform>all</platform>
    <license>GPL(v2) or Later</license>
    <forum></forum>
    <website>https://smithsonianearthtv.com/</website>
    <email></email>
    <source></source>
    <news>v 2018.10.27[CR]- Update for 2018[CR]- Remove quality settings[CR]v 0.0.4[CR]- Fixes for website changes[CR]- Added infolabels[CR]v 0.0.3[CR]- Add quality option in settings[CR]v 0.0.2[CR]- Code cleanup[CR]v 0.0.1[CR]- Initial release</news>
    <assets>
        <icon>icon.png</icon>
        <fanart>fanart.jpg</fanart>
        <screenshot>resources/media/screenshot001.png</screenshot>
        <screenshot>resources/media/screenshot002.png</screenshot>
        <screenshot>resources/media/screenshot003.png</screenshot>
        <screenshot>resources/media/screenshot004.png</screenshot>
        <screenshot>resources/media/screenshot005.png</screenshot>
        <screenshot>resources/media/screenshot006.png</screenshot>
        <screenshot>resources/media/screenshot007.png</screenshot>
        <screenshot>resources/media/screenshot008.png</screenshot>
    </assets>
  </extension>
</addon>
