<?xml version="1.0" encoding="UTF-8" standalone="yes"?>
<addon id="service.darksky_alerts"
       name="DarkSky Weather Alerts"
       version="2019.03.17"
       provider-name="MetalChris">
    <requires>
        <import addon="xbmc.python" version="2.20.0"/>
        <import addon="weather.darksky" version="2018.12.25"/>
    </requires>
    <extension point="xbmc.service"
               library="service.py">
        <provides>video</provides>
    </extension>
    <extension point="xbmc.addon.metadata">
        <summary lang="en">DarkSky Weather Alerts</summary>
        <description lang="en">Service to provide notifications of severe weather alerts for your location from DarkSky Weather.[CR][CR]https://darksky.net</description>
        <disclaimer lang="en">For support go to my github. No support without a full, unedited debug log.  No support at TVAddons or any other forum.</disclaimer>
        <platform>all</platform>
        <license>GPL 2.0</license>
        <news>v.2019.03.16[CR]- Initial release</news>
        <assets>
            <icon>icon.png</icon>
            <screenshot>resources/media/screenshot001.png</screenshot>
            <screenshot>resources/media/screenshot002.png</screenshot>
            <screenshot>resources/media/screenshot003.png</screenshot>
        </assets>
    </extension>
</addon>
