<?xml version="1.0" encoding="UTF-8" standalone="yes"?>
<addon id="plugin.audio.radionomy" name="Radionomy" version="0.0.2" provider-name="MetalChris">
  <requires>
    <import addon="xbmc.python" version="2.1.0"/>
    <import addon="script.module.beautifulsoup4" version="4.2.0"/>
    <import addon="script.module.requests" version="2.6.0"/>
  </requires>
  <extension point="xbmc.python.pluginsource" library="addon.py">
    <provides>audio</provides>
  </extension>
  <extension point="xbmc.addon.metadata">
    <summary lang="en">Radionomy</summary>
    <description lang="en">Radionomy is a free global service that allows users to create their own online radio or listen to online radio, all created and programmed by users</description>
    <disclaimer lang="en"></disclaimer>
    <language></language>
    <platform>all</platform>
    <license></license>
    <forum></forum>
    <website></website>
    <email></email>
    <source></source>
  </extension>
  <extension point="xbmc.addon.repository" name="MetalChris's Add-on Repository">
      <info>http://www.the-antinet.com/addons/addons.xml</info>
      <checksum>http://www.the-antinet.com/addons/addons.xml.md5</checksum>
      <datadir zip="true">http://www.the-antinet.com/addons/</datadir>
  </extension>
</addon>
