<?xml version="1.0" encoding="UTF-8" standalone="yes"?>
<addon id="repository.metalchris" name="MetalChris' Repository" version="2.7.0" provider-name="MetalChris">
    <extension point="xbmc.addon.repository" name="Official MetalChris Repository">
        <info compressed="false">http://raw.github.com/MetalChris/repository.metalchris/master/addons.xml</info>
        <checksum>http://raw.github.com/MetalChris/repository.metalchris/master/addons.xml.md5</checksum>
        <datadir zip="true">http://raw.github.com/MetalChris/repository.metalchris/master/zips</datadir>
    </extension>
    <extension point="xbmc.addon.metadata">
		<summary>MetalChris' Kodi addons</summary>
		<description>MetalChris' Kodi addons</description>
        <platform>all</platform>
    </extension>
</addon>
