<?xml version="1.0" encoding="UTF-8" standalone="yes"?>
<addon id="plugin.video.newsmax" name="Newsmax TV" version="0.0.1" provider-name="MetalChris">
  <requires>
    <import addon="xbmc.python" version="2.1.0"/>
    <import addon="script.module.beautifulsoup4" version="4.3.2"/>
    <import addon="script.module.requests" version="2.9.1"/>
    <import addon="script.module.html5lib" version="0.999.0"/>  
  </requires>
  <extension point="xbmc.python.pluginsource" library="addon.py">
    <provides>video</provides>
  </extension>
  <extension point="xbmc.addon.metadata">
    <summary lang="en">Newsmax TV</summary>
    <description lang="en">Newsmax TV is a United States cable news channel that is owned by Newsmax Media.  The channel primarily broadcasts from Newsmax's New York studio near Bryant Park, carrying a news/talk format during the day and acquired documentaries and films at night.</description>
    <disclaimer lang="en"></disclaimer>
    <language></language>
    <platform>all</platform>
    <license></license>
    <forum></forum>
    <website></website>
    <email></email>
    <source></source>
  </extension>
</addon>
