<?xml version="1.0" encoding="UTF-8" standalone="yes"?>
<addon id="plugin.video.powernationtv" name="PowerNation TV" version="2019.02.01" provider-name="MetalChris, zymbiosis">
    <requires>
        <import addon="xbmc.python" version="2.1.0"/>
    <import addon="script.module.beautifulsoup4" version="4.3.2"/>
    <import addon="script.module.html5lib" version="0.999.0"/>
    <import addon="script.module.mechanize" version="0.2.6"/>
    </requires>
    <extension point="xbmc.python.pluginsource"
               library="addon.py">
        <provides>video</provides>
    </extension>
    <extension point="xbmc.addon.metadata">
        <platform>all</platform>
        <license>GPL 2.0 or Later</license>
        <summary lang="en">PowerNation TV is the source of how-to television for auto enthusiasts.</summary>
        <description lang="en">PowerNation TV brings you in-depth how-to shows to cater to your automotive interests, featuring Xtreme Off-Road, Detroit Muscle, Truck Tech, Engine Power and more!  Currently this add-on provides access to the free episodes only.</description>
        <disclaimer lang="en">For support go to my github. No support without a full, unedited debug log.  No support at TVAddons or any other forum.</disclaimer>
        <language></language>
        <platform>all</platform>
        <license>GPL(v2) or Later</license>
        <forum></forum>
        <website>http://www.powernationtv.com</website>
        <email></email>
        <source>https://github.com/MetalChris/repository.metalchris/tree/master/plugin.video.powernationtv</source>
        <news>Version 2019.02.01[CR]- Add ability to login to paid accounts[CR]Version 2019.01.27[CR]- Fix for website changes[CR]Version 2018.10.03[CR]- Skip episodes that require a paid subscription[CR]- Add log notices option in settings[CR]Version 2018.04.24[CR]- Add option in settings to force views[CR]Version 2018.04.23[CR]- Fix for website changes (April 2018)[CR]Version 0.0.4[CR]- Fix for ascii errors[CR]Version 0.0.3[CR]- Fixes for website changes (April 3, 3017)[CR]Version 0.0.2 (Thanks to Zymbiosis!)[CR]- Unified all tabs to spaces for better cross-editor compatibility.[CR]- Skip "coming soon" episodes.[CR]-Add additional media information (description, season, episode, date).[CR]- Default sort by episode number.[CR]- Fix stream url to properly handle new and old shows while allowing auto stream quality selection (m3u8).[CR]Version 0.0.1[CR]- Initial Release[CR]</news>
    <assets>
        <icon>icon.png</icon>
        <fanart>fanart.jpg</fanart>
        <screenshot>resources/media/screenshot01.png</screenshot>
        <screenshot>resources/media/screenshot02.png</screenshot>
        <screenshot>resources/media/screenshot03.png</screenshot>
        <screenshot>resources/media/screenshot04.png</screenshot>
    </assets>
    </extension>
</addon>
