<?xml version="1.0" encoding="UTF-8" standalone="yes"?>
<addon id="plugin.video.fcc" name="Family Christian Center" version="0.0.2" provider-name="MetalChris">
  <requires>
    <import addon="xbmc.python" version="2.1.0"/> 
    <import addon="script.module.beautifulsoup4" version="4.3.2"/>
    <import addon="script.module.requests" version="2.9.1"/>
    <import addon="script.module.html5lib" version="0.999.0"/> 
    <import addon="script.module.simplejson" version="3.3.0"/>
  </requires>
  <extension point="xbmc.python.pluginsource" library="addon.py">
    <provides>video</provides>
  </extension>
  <extension point="xbmc.addon.metadata">
    <summary lang="en">Watch live and archived services from Family Christian Center</summary>
    <description lang="en">Family Christian Center exists to help people connect with a life-changing relationship with Jesus Christ, His purpose for their lives, and His church family and our community. </description>
    <disclaimer lang="en"></disclaimer>
    <language>English</language>
    <platform>all</platform>
    <license>GPL 2.0</license>
    <forum></forum>
    <website></website>
    <email></email>
    <source></source>
  </extension>
</addon>
