<?xml version="1.0" encoding="UTF-8" standalone="yes"?>
<addon id="plugin.video.space" name="Space.com" version="2020.04.16" provider-name="MetalChris">
  <requires>
    <import addon="xbmc.python" version="2.1.0"/>
    <import addon="script.module.simplejson" version="3.3.0"/>
    <import addon="script.module.mechanize" version="0.2.6"/>
  </requires>
  <extension point="xbmc.python.pluginsource" library="addon.py">
    <provides>video</provides>
  </extension>
  <extension point="xbmc.addon.metadata">
    <summary lang="en">Watch videos from Space.com</summary>
    <description lang="en">Space.com is the premier source of space exploration, innovation and astronomy news, chronicling (and celebrating) humanity's ongoing expansion across the final frontier. We transport our visitors across the solar system and beyond through accessible, comprehensive coverage of the latest news and discoveries. For us, exploring space is as much about the journey as it is the destination. So from skywatching guides and stunning photos of the night sky to rocket launches and breaking news of robotic probes visiting other planets, at Space.com you’ll find something amazing every day. </description>
    <disclaimer lang="en">For support go to my github. No support without a full, unedited debug log.  No support at TVAddons or any other forum.</disclaimer>
    <language></language>
    <platform>all</platform>
    <license>GPL(v2) or Later</license>
    <forum></forum>
    <website>http://www.space.com</website>
    <email></email>
    <source>https://github.com/MetalChris/repository.metalchris/tree/master/plugin.video.space</source>
    <news>Version 2020.04.16 - Fix for website changes.</news>
    <assets>
        <icon>icon.png</icon>
        <fanart>fanart.jpg</fanart>
    </assets>
  </extension>
</addon>
