<?xml version="1.0" encoding="UTF-8" standalone="yes"?>
<addon id="plugin.video.bigstar-movies" name="BigStar Movies &amp; TV" version="2019.02.02" provider-name="MetalChris">
  <requires>
    <import addon="xbmc.python" version="2.20.0"/>
  </requires>
  <extension point="xbmc.python.pluginsource" library="addon.py">
    <provides>video</provides>
  </extension>
  <extension point="xbmc.addon.metadata">
    <summary lang="en">Stream movies instantly! Choose from thousands of independent, foreign and award-winning feature films and TV shows.</summary>
    <description lang="en">Stream movies instantly! Choose from thousands of independent, foreign and award-winning feature films and TV shows.</description>
    <disclaimer lang="en"></disclaimer>
    <language></language>
    <platform>all</platform>
    <license>GPL(v2) or Later</license>
    <forum>https://forum.kodi.tv/showthread.php?tid=223279</forum>
    <website>http://www.bigstar.tv/</website>
    <email></email>
    <source>https://github.com/MetalChris/repository.metalchris/tree/master/plugin.video.bigstar-movies</source>
    <news>Version 2019.02.02[CR] - Fix for website changes[CR] - Added option to choose stream quality</news>
    <assets>
        <icon>icon.png</icon>
        <fanart>fanart.jpg</fanart>
        <screenshot>resources/media/screenshot001.png</screenshot>
        <screenshot>resources/media/screenshot002.png</screenshot>
        <screenshot>resources/media/screenshot003.png</screenshot>
        <screenshot>resources/media/screenshot004.png</screenshot>
    </assets>
  </extension>
</addon>
