﻿<?xml version="1.0" encoding="UTF-8" standalone="yes"?>
<addon id="plugin.image.apod" name="Astronomy Picture of the Day" version="0.0.2" provider-name="MetalChris">
    <requires>
        <import addon="xbmc.python" version="2.1.0"/>
        <import addon="script.module.beautifulsoup4" version="4.3.2"/>
    </requires>
    <extension point="xbmc.python.pluginsource" library="addon.py">
        <provides>image</provides>
    </extension>
    <extension point="xbmc.addon.metadata">
        <platform>all</platform>
        <disclaimer></disclaimer>
        <summary lang="en">Astronomy Picture of the Day</summary>
        <description lang="en">A different astronomy and space science related image is featured each day.</description>
        <license>GPL (v2) or Later</license>
        <language/>
        <website></website>
        <email></email>
    </extension>
</addon>
