<?xml version="1.0" encoding="UTF-8" standalone="yes"?>
<addon id="repository.metalchris" name="MetalChris's Repository" version="2.0.0" provider-name="MetalChris">
	<extension point="xbmc.addon.repository" name="MetalChris's Repository">
		<info compressed="false">https://github.com/MetalChris/repository.metalchris/raw/master/addons.xml</info>
		<checksum>https://github.com/MetalChris/repository.metalchris/raw/master/addons.xml.md5</checksum>
		<datadir zip="true">https://github.com/MetalChris/repository.metalchris/raw/master/addons/</datadir>
	</extension>
	<extension point="xbmc.addon.metadata">
		<summary>MetalChris's Kodi addons</summary>
		<description>MetalChris's Kodi addons</description>
		<platform>all</platform>
	</extension>
</addon>
