<?xml version="1.0" encoding="UTF-8" standalone="yes"?>
<addon id="plugin.video.hunt-channel" name="Hunt Channel" version="0.1.3" provider-name="MetalChris">
  <requires>
    <import addon="xbmc.python" version="2.1.0"/>
    <import addon="script.module.beautifulsoup4" version="4.3.2"/>
    <import addon="script.module.requests" version="2.9.1"/>
    <import addon="script.module.html5lib" version="0.999.0"/>
    <import addon="script.module.pytz" version="2014.2"/>
  </requires>
  <extension point="xbmc.python.pluginsource" library="addon.py">
    <provides>video</provides>
  </extension>
  <extension point="xbmc.addon.metadata">
    <summary lang="en">Watch Live or On Demand Programming from Hunt Channel</summary>
    <description lang="en">Hunt Channel’s Mission is to provide Quality Outdoor Programming during PrimeTime.  Watch Live or On Demand video.</description>
    <disclaimer lang="en">Support at forum.kodi.tv or my github only. No support without a full, unedited debug log.  No support at TVAddons or any other forum.</disclaimer>
    <language></language>
    <platform>all</platform>
    <license>GPL(v2) or Later</license>
    <forum>http://forum.kodi.tv/showthread.php?tid=276043</forum>
    <website>http://www.huntchannel.tv</website>
    <email></email>
    <source></source>
    <news>v.0.1.2[CR]Fixex for website changes (2017.11.05)[CR]v.0.1.1[CR]Another attempt at fixing the Live Stream[CR]v.0.1.0[CR]- Fix for Live Stream[CR]- Remove Recently Added videos[CR]v.0.9.0[CR]- Fixes for videos without sound - I still hate vimeo![CR]v0.8.0[CR]- Fix to get all shows listed</news>
  </extension>
</addon>
