<?xml version="1.0" encoding="UTF-8" standalone="yes"?>
<addon id="plugin.video.hunt-channel" name="Hunt Channel" version="2019.09.21" provider-name="MetalChris">
  <requires>
    <import addon="xbmc.python" version="2.20.0"/>
    <import addon="script.module.beautifulsoup4" version="4.3.2"/>
    <import addon="script.module.html5lib" version="0.999.0"/>
  </requires>
  <extension point="xbmc.python.pluginsource" library="addon.py">
    <provides>video</provides>
  </extension>
  <extension point="xbmc.addon.metadata">
    <summary lang="en">Watch Live Programming from Hunt Channel</summary>
    <description lang="en">Hunt Channel’s Mission is to provide Quality Outdoor Programming during PrimeTime.</description>
    <disclaimer lang="en">Support at forum.kodi.tv or my github only. No support without a full, unedited debug log.  No support at TVAddons or any other forum.</disclaimer>
    <language></language>
    <platform>all</platform>
    <license>GPL(v2) or Later</license>
    <forum>http://forum.kodi.tv/showthread.php?tid=276043</forum>
    <website>http://www.huntchannel.tv</website>
    <email></email>
    <source></source>
    <news>v.2019.09.21: Fixes for website changes, only live stream is available.</news>
  </extension>
</addon>
