<?xml version="1.0" encoding="UTF-8" standalone="yes"?>
<addon id="plugin.video.filmrise"
       name="FilmRise"
       version="1.0.3"
       provider-name="MetalChris">
    <requires>
        <import addon="xbmc.python" version="2.1.0"/>
	<import addon="script.module.beautifulsoup" version="3.2.1"/>
    </requires>
    <extension point="xbmc.python.pluginsource"
               library="default.py">
        <provides>video</provides>
    </extension>
    <extension point="xbmc.addon.metadata">
        <platform>all</platform>
        <license>GPL 2.0</license>
        <summary lang="en">FilmRise</summary>
        <description lang="en">Watch free TV shows and movies from FilmRise</description>
        <disclaimer lang="en">Don't blame me if you have nightmares.</disclaimer>
    </extension>
    <extension point="xbmc.addon.repository" name="MetalChris's Add-on Repository">
        <info>http://www.the-antinet.com/addons/addons.xml</info>
        <checksum>http://www.the-antinet.com/addons/addons.xml.md5</checksum>
        <datadir zip="true">http://www.the-antinet.com/addons/</datadir>
    </extension>
</addon>
