<?xml version="1.0" encoding="UTF-8" standalone="yes"?>
<addon id="plugin.video.powernationtv" name="PowerNation TV" version="0.0.1" provider-name="MetalChris">
    <requires>
        <import addon="xbmc.python" version="2.1.0"/>
    <import addon="script.module.beautifulsoup4" version="4.3.2"/>
    <import addon="script.module.html5lib" version="0.999.0"/>
    </requires>
    <extension point="xbmc.python.pluginsource"
               library="addon.py">
        <provides>video</provides>
    </extension>
    <extension point="xbmc.addon.metadata">
        <platform>all</platform>
        <license>GPL 2.0 or Later</license>
        <summary lang="en">PowerNation TV is the source of how-to television for auto enthusiasts.</summary>
        <description lang="en">PowerNation TV brings you in-depth how-to shows to cater to your automotive interests, featuring Xtreme Off-Road, Detroit Muscle, Truck Tech, Engine Power and more!</description>
        <disclaimer lang="en"></disclaimer>
    </extension>
</addon>
